Algorithm,Log Source,Log,Complete-Window Size,Detection-Window Size,Stable Period,Detected Changepoints,Actual Changepoints for Log,F1-Score,Average Lag,Duration,Duration (Seconds),Seconds per Case
LCDD,Bose,bose_log,100,100,5,"[100, 221, 323, 465, 579, 723, 856, 957, 1089, 1200, 1380, 1504, 1657, 1769, 1875, 1990, 2092, 2216, 2359, 2539, 2639, 2739, 2854, 2979, 3083, 3256, 3373, 3473, 3588, 3733, 3903, 4015, 4123, 4243, 4343, 4471, 4571, 4702, 4802, 4912, 5027, 5141, 5246, 5409, 5509, 5611, 5735, 5847, 5986]","[1199, 2399, 3599, 4799]",0.15094339622641506,13.75,00:00:00,0.23262229992542416,3.877038332090403e-05
