Algorithm,Log Source,Log,MRID,Epsilon,Detected Changepoints,Actual Changepoints for Log,F1-Score,Average Lag,Duration,Duration (Seconds),Seconds per Case
Zheng DBSCAN,Bose,bose_log,300,90.0,"[572.75, 857.0, 978.0, 1285.5294117647059, 1569.0, 1967.7333333333333, 2363.6666666666665, 2549.0, 2711.5, 3064.3333333333335, 3276.0, 3585.3125, 4086.176470588235, 4367.0, 4496.6, 4791.5, 5064.0, 5286.1, 5516.555555555556, 5908.0]","[1199, 2399, 3599, 4799]",0.33333333333333337,35.762561274509835,00:00:01,1.9881982000079006,0.00033136636666798345
