Algorithm,Log Source,Log,MRID,Epsilon,Detected Changepoints,Actual Changepoints for Log,F1-Score,Average Lag,Duration,Duration (Seconds),Seconds per Case
Zheng DBSCAN,Bose,bose_log,300,60.0,"[312.0, 486.0, 577.0, 651.0, 857.0, 978.0, 1233.6666666666667, 1410.0, 1569.0, 1767.2, 1886.5, 2048.6, 2221.3333333333335, 2363.6666666666665, 2549.0, 2711.5, 2960.0, 3116.5, 3276.0, 3445.2, 3634.0, 3799.0, 4086.176470588235, 4367.0, 4481.25, 4558.0, 4699.0, 4804.714285714285, 5064.0, 5286.1, 5456.8, 5548.0, 5634.5, 5908.0]","[1199, 2399, 3599, 4799]",0.21052631578947367,27.678571428571388,00:00:01,1.9881982000079006,0.00033136636666798345
