Algorithm,Log Source,Log,MRID,Epsilon,Detected Changepoints,Actual Changepoints for Log,F1-Score,Average Lag,Duration,Duration (Seconds),Seconds per Case
Zheng DBSCAN,Bose,bose_log,300,30.0,"[323.5, 486.0, 577.0, 651.0, 857.0, 978.0, 1186.4, 1239.3333333333333, 1288.5, 1380.5, 1429.6666666666667, 1569.0, 1746.3333333333333, 1798.5, 1886.5, 1956.0, 1991.0, 2051.0, 2093.0, 2152.0, 2221.3333333333335, 2349.0, 2393.0, 2549.0, 2711.5, 2934.0, 2973.0, 3065.5, 3142.0, 3276.0, 3384.0, 3454.0, 3502.0, 3590.6, 3649.0, 3720.0, 3799.0, 3903.0, 3957.5, 4023.4, 4079.0, 4110.5, 4147.5, 4200.0, 4245.0, 4367.0, 4481.25, 4558.0, 4699.0, 4804.714285714285, 5035.5, 5092.5, 5235.5, 5319.833333333333, 5456.8, 5548.0, 5634.5, 5887.0, 5929.0]","[1199, 2399, 3599, 4799]",0.12698412698412698,8.178571428571331,00:00:01,1.9881982000079006,0.00033136636666798345
