Algorithm,Log Source,Log,MRID,Epsilon,Detected Changepoints,Actual Changepoints for Log,F1-Score,Average Lag,Duration,Duration (Seconds),Seconds per Case
Zheng DBSCAN,Bose,bose_log,300,150.0,"[572.75, 917.5, 1301.2777777777778, 2142.181818181818, 3909.9473684210525, 5337.652173913043, 5908.0]","[1199, 2399, 3599, 4799]",0.18181818181818182,102.27777777777783,00:00:01,1.9881982000079006,0.00033136636666798345
