Algorithm,Log Source,Log,MRID,Epsilon,Detected Changepoints,Actual Changepoints for Log,F1-Score,Average Lag,Duration,Duration (Seconds),Seconds per Case
Zheng DBSCAN,Bose,bose_log,300,120.0,"[572.75, 857.0, 978.0, 1285.5294117647059, 1569.0, 2033.7222222222222, 2549.0, 2711.5, 3766.0204081632655, 4791.5, 5064.0, 5395.263157894737, 5908.0]","[1199, 2399, 3599, 4799]",0.47058823529411764,102.76245498199285,00:00:01,1.9881982000079006,0.00033136636666798345
