Algorithm,Log Source,Log,Window Size,SW Step Size,Detected Changepoints,Actual Changepoints for Log,F1-Score,Average Lag,Duration,Duration (Seconds),Seconds per Case
Bose J,Bose,bose_log,100,2,"[1196, 2402, 3600, 4802]","[1199, 2399, 3599, 4799]",1.0,2.5,00:02:13,133.17058829998132,0.022195098049996885
Bose WC,Bose,bose_log,100,2,"[2402, 3598, 4800]","[1199, 2399, 3599, 4799]",0.8571428571428571,1.6666666666666667,00:01:30,90.98743660002947,0.015164572766671578
